productid,rate,cmt,username
,5,,Hugli Chinsurah
,5,,New Town
,5,,Kolkata
,4,,Alwar
,5,,Dindigul
,5,,Ahmedabad
,5,,Navi Mumbai
,5,,Kolkata
,1,,Tiruchirappalli
,5,,Hailakandi District
,5,,Purba Bardhaman District
,5,,Jamshedpur
,5,,Raighar
,4,,Gwalior
,3,,Hooghly
,5,,Erode
,3,,Allahabad
,5,,Navi Mumbai
,3,,New Delhi
,5,,Begusarai
,5,,Latur District
,5,,Ahmadpur
,5,,Kolkata
,5,,Cuttack
,3,,Naihati
,5,,Agartala
,5,,Osmanabad
,5,,Kolkata
,5,,Firozpur
,5,,New Delhi
,4,,Ahmadnagar
,4,,Hyderabad
,5,,Pakur District
,5,,Chennai
,4,,Aurangabad District
,5,,Darbhanga
,3,,Bhatpar Rani
,5,,Saran District
,5,,Silvassa
,4,,Mumbai
,4,,Deoria
,5,,Gundlupet
,5,,Bargarh District
,4,,Alwar
,5,,Dindigul
,5,,Ahmedabad
,5,,Navi Mumbai
,5,,Kolkata
,1,,Tiruchirappalli
,5,,Hailakandi District
,5,,Purba Bardhaman District
,5,,Jamshedpur
,5,,Raighar
,5,,Cuttack
,3,,Naihati
,5,,Agartala
,5,,Osmanabad
,5,,Kolkata
,5,,Firozpur
,5,,New Delhi
,4,,Ahmadnagar
,4,,Hyderabad
,5,,Pakur District
,5,,Chennai
,4,,Aurangabad District
,5,,Darbhanga
,3,,Bhatpar Rani
,5,,Saran District
,5,,Silvassa
,4,,Mumbai
,4,,Deoria
,5,,Gundlupet
,5,,Bargarh District
,5,,Hugli Chinsurah
,5,,New Town
,5,,Kolkata
,4,,Alwar
,5,,Dindigul
,5,,Ahmedabad
,5,,Navi Mumbai
,5,,Kolkata
,1,,Tiruchirappalli
,5,,Hailakandi District
,5,,Purba Bardhaman District
,5,,Jamshedpur
,5,,Raighar
,5,,Chennai
,4,,Aurangabad District
,5,,Darbhanga
,3,,Bhatpar Rani
,5,,Saran District
,5,,Silvassa
,4,,Mumbai
,4,,Deoria
,5,,Gundlupet
,5,,Bargarh District
,4,,Kanpur
,4,,Kanpur
,5,,Hugli Chinsurah
,5,,New Town
,5,,Kolkata
,5,,Purnia District
,5,,Panna
,1,,Vellore
,5,,Bengaluru
,4,,Thrissur
,5,,Naigaon
,5,,Patna
,5,,Rohtas District
,4,,Madhoganj
,5,,Singrauli District
,5,,Purnia District
,5,,Panna
,1,,Vellore
,5,,Bengaluru
,4,,Thrissur
,5,,Naigaon
,5,,Patna
,5,,Rohtas District
,4,,Madhoganj
,5,,Singrauli District
,5,,Dewas
,2,,Sambalpur
,3,,Agra
,5,,Pune
,1,,Mumbai
,5,,Haridwar
,5,,Sonipat
,5,,Mumbai
,5,,Araria District
,5,,Vidisha
,4,,Bankura District
,4,,Bhatpara
,4,,North Barrackpur
,5,,Gaya
,4,,Bankura
,4,,Kurnool District
,5,,New Delhi
,5,,Chandigarh
,5,,Ausa
,4,,Bangalore
,5,,Berhampore
,3,,Ernakulam
,5,,Gwalior District
,5,,Chalisgaon
,4,,Bankura District
,4,,Bhatpara
,4,,North Barrackpur
,5,,Gaya
,4,,Malda
,5,,Jorhat
,4,,Tirupur
,5,,Darbhanga
,4,,Jhansi
,2,,Ghatal
,5,,Kochi
,4,,Mau District
,5,,Ghaziabad
,4,,Mau District
,3,,South West Delhi
,3,,Faridabad
,5,,Nabagram Colony
,5,,Chittoor
,4,,Jhargam District
,4,,Kolkata
,3,,Kathua
,3,,Siddipet District
,4,,Pimpri Chinchwad
,5,,Pallipalayam
,5,,Dewas
,2,,Sambalpur
,3,,Agra
,5,,Pune
,1,,Mumbai
,5,,Haridwar
,5,,Sonipat
,5,,Mumbai
,5,,Araria District
,5,,Vidisha
,5,,Dewas
,2,,Sambalpur
,3,,Agra
,5,,Pune
,1,,Mumbai
,5,,Haridwar
,5,,Sonipat
,5,,Mumbai
,5,,Araria District
,5,,Vidisha
,4,,Ernakulam
,5,,Kanpur
,5,,Nadiad
,5,,Guwahati
,5,,Davorlim
,5,,Purba Bardhaman District
,5,,Ernakulam
,5,,Khandwa
,4,,Ernakulam
,4,,Chennai
,4,,Aurangabad
,4,,Allahabad
,1,,Kadirur
,4,,Haora District
,5,,Chavara
,4,,Ranirbazar
,1,,Berhampur
,5,,Gopalganj District
,1,,New Delhi
,5,,Bhadrak
,2,,Chennai
,4,,Bokaro Steel City
,5,,Guntur District
,4,,Prayagraj
,4,,Prayagraj
,3,,Chennai
,4,,Thiruverumbur
,3,,Ranipettai
,5,,Bengaluru
,5,,Ludhiana
,5,,Varanasi District
,5,,Mangaluru
,5,,Dahod
,5,,Bokaro Steel City
,3,,Chennai
,4,,Thiruverumbur
,3,,Ranipettai
,5,,Bengaluru
,5,,Ludhiana
,5,,Varanasi District
,5,,Mangaluru
,5,,Dahod
,5,,Bokaro Steel City
,4,,West Delhi
,4,,Prayagraj
,4,,Thiruvananthapuram District
,5,,New Delhi
,5,,Palakkad
,5,,Hugli Chinsurah
,5,,Vijapura
,4,,Kanpur
,4,,Bangaon
,4,,Sindkhed Raja
,4,,Gwalior
,4,,Bankura
,3,,Hooghly
,5,,Erode
,3,,Allahabad
,5,,Navi Mumbai
,3,,New Delhi
,5,,Begusarai
,5,,Latur District
,5,,Ahmadpur
,5,,Kolkata
,4,,Kurnool District
,5,,New Delhi
,5,,Chandigarh
,5,,Ausa
,4,,Bangalore
,5,,Berhampore
,3,,Ernakulam
,5,,Gwalior District
,5,,Chalisgaon
,4,,Haora District
,5,,Bengaluru
,5,,Chavara
,4,,Ranirbazar
,1,,Berhampur
,5,,Gopalganj District
,1,,New Delhi
,5,,Bhadrak
,2,,Chennai
,4,,Bokaro Steel City
,5,,Guntur District
,5,,Chitradurga District
,3,,Patna
,5,,Lucknow
,5,,Uttara Kannada District
,5,,Palakkad District
,5,,Rajgarh Rajgarh District
,4,,Allahabad
,5,,Hyderabad
,5,,Haldia
,5,,Dewas
,2,,Sambalpur
,3,,Agra
,5,,Pune
,1,,Mumbai
,5,,Haridwar
,5,,Sonipat
,5,,Mumbai
,5,,Araria District
,5,,Vidisha
,4,,Jabalpur
,5,,Kollam District
,5,,Madhubani
,4,,Gautam Buddha Nagar
,3,,Mangalam
,5,,Chennai
,5,,Cuttack District
,4,,Vellore
,5,,Samastipur District
,5,,New Delhi
,5,,Bulandshahr District
,4,,Uran Islampur
,5,,Bengaluru
,3,,Shivpuri
,3,,Bhagalpur
,4,,Patna
,5,,Bulandshahr District
,1,,Dharmavaram
,5,,Puri
,4,,Nashik
,5,,Ujjain
,5,,Agra
,5,,Kolkata
,5,,Belagavi
,5,,Rourkela
,4,,Nagpur
,5,,Cuttack
,5,,Prayagraj
,5,,Thagarapuvalasa
,5,,Surat
,5,,Hugli District
,5,,New Delhi
,4,,Allahabad District
,5,,Gandhinagar
,2,,Kanti
,5,,Mumbai
,4,,Thrissur
,5,,Gaya
,5,,Chicholi
,5,,Jamshedpur
,5,,Ghaziabad
,5,,Bengaluru
,4,,Nashik
,5,,Siliguri
,4,,Bharuch
,4,,Patna
,5,,Hassan
,5,,Bhagalpur
,5,,South Twenty Four Parganas District
,4,,New Delhi
,5,,Bulandshahr District
,5,,Bengaluru
,3,,Shivpuri
,3,,Bhagalpur
,4,,Patna
,5,,Bulandshahr District
,1,,Dharmavaram
,5,,Puri
,4,,Nashik
,5,,Ujjain
,4,,Jabalpur
,5,,Kollam District
,5,,Madhubani
,4,,Gautam Buddha Nagar
,3,,Mangalam
,5,,Chennai
,5,,Cuttack District
,4,,Vellore
,5,,Samastipur District
,5,,New Delhi
,5,,Ghaziabad
,5,,Bengaluru
,4,,Nashik
,5,,Siliguri
,4,,Bharuch
,4,,Patna
,5,,Hassan
,5,,Bhagalpur
,5,,South Twenty Four Parganas District
,4,,New Delhi
,4,,Malda
,5,,Jorhat
,4,,Tirupur
,5,,Darbhanga
,4,,Jhansi
,2,,Ghatal
,5,,Kochi
,4,,Mau District
,5,,Ghaziabad
,4,,Mau District
,4,,Malda
,5,,Jorhat
,4,,Tirupur
,5,,Darbhanga
,4,,Jhansi
,2,,Ghatal
,5,,Kochi
,4,,Mau District
,5,,Ghaziabad
,4,,Mau District
,5,,Chennai
,4,,Aurangabad District
,5,,Darbhanga
,3,,Bhatpar Rani
,5,,Saran District
,5,,Silvassa
,4,,Mumbai
,4,,Deoria
,5,,Gundlupet
,5,,Bargarh District
,4,,Bengaluru
,5,,Greater Noida
,5,,Kolkata
,5,,Hyderabad
,5,,Puranpur
,3,,Coimbatore
,5,,Palamu District
,5,,Ozar
,4,,New Delhi
,5,,Kalwakurthy
,4,,West Delhi
,4,,Prayagraj
,4,,Thiruvananthapuram District
,5,,New Delhi
,5,,Palakkad
,5,,Hugli Chinsurah
,5,,Vijapura
,4,,Kanpur
,4,,Bangaon
,4,,Sindkhed Raja
,5,,Bengaluru
,5,,Chitradurga District
,3,,Patna
,5,,Lucknow
,5,,Uttara Kannada District
,5,,Palakkad District
,5,,Rajgarh Rajgarh District
,4,,Allahabad
,5,,Hyderabad
,5,,Haldia
,5,,Nanded
,4,,Baramati
,5,,Idukki
,4,,Sanivarapupeta
,5,,Vizianagaram District
,4,,Nalpur
,4,,Chennai
,5,,Rajgir
,5,,Azamgarh
,5,,Jaipur
,5,,Guwahati
,5,,Davorlim
,5,,Purba Bardhaman District
,5,,Ernakulam
,5,,Khandwa
,4,,Ernakulam
,4,,Chennai
,4,,Aurangabad
,4,,Allahabad
,1,,Kadirur
,4,,Bengaluru
,5,,Greater Noida
,5,,Kolkata
,5,,Hyderabad
,5,,Puranpur
,3,,Coimbatore
,5,,Palamu District
,5,,Ozar
,4,,New Delhi
,5,,Kalwakurthy
,4,,Uran Islampur
,5,,Agra
,5,,Kolkata
,5,,Belagavi
,5,,Rourkela
,4,,Nagpur
,5,,Cuttack
,5,,Prayagraj
,5,,Thagarapuvalasa
,5,,Surat
,3,,Bankura
,5,,Hugli District
,3,,Ganjam District
,4,,East Godavari District
,3,,"Chikmagalur,"
,5,,Uluberia
,4,,Berhampore
,4,,Singnapur Kopargaon
,4,,Salempur
,1,,Durg
,5,,Ahmedabad
,5,,New Delhi
,4,,Allahabad District
,5,,Gandhinagar
,2,,Kanti
,5,,Mumbai
,4,,Thrissur
,5,,Gaya
,5,,Chicholi
,5,,Jamshedpur
,3,,Saran District
,5,,Vaghodia
,5,,Walajabad
,4,,New Delhi
,5,,Howrah
,4,,North Twenty Four Parganas District
,5,,Rajkot
,5,,Chandigarh
,5,,Jharsuguda
,4,,Pune
,3,,Bankura
,3,,Ganjam District
,4,,East Godavari District
,3,,"Chikmagalur,"
,5,,Uluberia
,4,,Berhampore
,4,,Singnapur Kopargaon
,4,,Salempur
,1,,Durg
,5,,Ahmedabad
,3,,Saran District
,5,,Vaghodia
,5,,Walajabad
,4,,New Delhi
,5,,Howrah
,4,,North Twenty Four Parganas District
,5,,Rajkot
,5,,Chandigarh
,5,,Jharsuguda
,4,,Pune
,5,,Vazhakulam
,3,,Pune
,5,,Varanasi
,5,,Ghaziabad
,5,,Purba Bardhaman District
,5,,Bangaon
,4,,New Delhi
,5,,Imphal
,5,,New Delhi
,4,,Banki
,4,,Puri
,5,,Manesar
,4,,Samastipur District
,4,,Nanded District
,5,,Howrah
,4,,Konch
,5,,Karari Chandpur
,5,,Purba Bardhaman District
,5,,Dakshin Dinajpur District
,4,,Betul District
,5,,Kunnummal
,5,,Varanasi
,5,,Birbhum District
,4,,Jamshedpur
,4,,Kolkata
,4,,Chakan
,5,,Sambalpur District
,5,,Nizamabad District
,2,,Sarai Aquil
,4,,Rajpur Sonarpur
,4,,Patna
,5,,Sant Ravidas Nagar Bhadohi District
,5,,Bangalore
,5,,Mandya
,5,,Thane
,5,,New Delhi
,4,,Srikakulam
,3,,Mahrajganj Mahrajganj District
,5,,Chitrakoot District
,4,,Dhania
,5,,Vazhakulam
,3,,Pune
,5,,Varanasi
,5,,Ghaziabad
,5,,Purba Bardhaman District
,5,,Bangaon
,4,,New Delhi
,5,,Imphal
,5,,New Delhi
,4,,Banki
,4,,New Delhi
,5,,Manesar
,5,,Powayan
,5,,Daltonganj
,5,,Hamirpur
,5,,Chennai
,5,,Jsw Steel Plant Township
,3,,Coimbatore
,5,,Shajapur
,5,,Gopalganj District
,4,,Mumbai
,5,,Bhiwani
,4,,Chhindwara District
,5,,Bhagalpur District
,4,,Nandivaram Guduvancheri
,5,,Rayagada
,4,,Walajapet
,5,,New Delhi
,5,,Khatra
,5,,Birbhum
,4,,Mumbai
,5,,Bhiwani
,4,,Chhindwara District
,5,,Bhagalpur District
,4,,Nandivaram Guduvancheri
,5,,Rayagada
,4,,Walajapet
,5,,New Delhi
,5,,Khatra
,5,,Birbhum
,5,,Guntur District
,5,,Kanpur
,3,,Mumbai
,5,,Jaipur
,5,,Raichur District
,5,,Rajkot
,4,,Lucknow
,5,,Sheikhpura District
,5,,Pimpri Chinchwad
,5,,Lunglei District
,4,,Puri
,5,,Manesar
,4,,Samastipur District
,4,,Nanded District
,5,,Howrah
,4,,Konch
,5,,Karari Chandpur
,5,,Purba Bardhaman District
,5,,Dakshin Dinajpur District
,4,,Betul District
,1,,Nawada
,4,,Sainthia
,4,,Zirakpur
,3,,Pune
,5,,Baleshwar District
,4,,Kandi
,3,,New Town
,1,,Lakhisarai
,5,,Vadanappally
,4,,Kushinagar District
,1,,Nawada
,4,,Sainthia
,4,,Zirakpur
,3,,Pune
,5,,Baleshwar District
,4,,Kandi
,3,,New Town
,1,,Lakhisarai
,5,,Vadanappally
,4,,Kushinagar District
,5,,New Delhi
,1,,Secunderabad
,4,,Madurai
,5,,English Bazar
,5,,Gobra Nawapara
,5,,Tanda Ambedkar Nagar District
,4,,Daltonganj
,4,,Alappuzha
,5,,Kasaragod
,5,,Shahpura
,5,,New Delhi
,5,,Bathinda District
,1,,Secunderabad
,4,,Madurai
,5,,English Bazar
,5,,Gobra Nawapara
,5,,Tanda Ambedkar Nagar District
,4,,Daltonganj
,4,,Alappuzha
,5,,Kasaragod
,5,,Shahpura
,5,,Kaimur Bhabua District
,4,,Chikodi
,4,,Kolkata
,5,,Coimbatore
,5,,Thanjavur District
,5,,Mahoba District
,5,,Panihati
,5,,Pune
,5,,Samastipur
,5,,Guntur District
,5,,Kanpur
,3,,Mumbai
,5,,Jaipur
,5,,Raichur District
,5,,Rajkot
,4,,Lucknow
,5,,Sheikhpura District
,5,,Pimpri Chinchwad
,5,,Lunglei District
,5,,Baduria
,5,,Bhogaon
,3,,Singur
,5,,Bilasipara
,4,,Jalgaon District
,5,,Sri Potti Sriramulu Nellore District
,5,,Muzaffarpur
,5,,Bokaro Steel City
,5,,Haora District
,1,,Faridabad
,5,,Khammam District
,5,,Hyderabad
,5,,Tiruppur
,4,,Solapur
,5,,Mayurbhanj District
,5,,Mumbai
,3,,Bengaluru
,5,,Mumbai Suburban
,5,,New Delhi
,5,,Sitapur
,5,,Bengaluru
,5,,Chitradurga District
,3,,Patna
,5,,Lucknow
,5,,Uttara Kannada District
,5,,Palakkad District
,5,,Rajgarh Rajgarh District
,4,,Allahabad
,5,,Hyderabad
,5,,Haldia
,5,,Kalyan
,4,,Gundlupete
,5,,Maudaha
,5,,Pimpri Chinchwad
,5,,Rajampet
,5,,Edappal
,5,,Mumbai
,5,,Belgaum District
,5,,Godda
,1,,Pusad
,5,,Durgapur
,4,,Bengaluru
,1,,Mumbai
,5,,Rohtak
,2,,Bagalkot District
,5,,Bengaluru
,4,,Gaya
,5,,Pune
,5,,Mairwa
,5,,Gonda
,5,,Baghpat District
,5,,Greater Noida
,5,,Kolkata
,5,,Hyderabad
,5,,Puranpur
,3,,Coimbatore
,5,,Palamu District
,5,,Ozar
,4,,New Delhi
,5,,Kalwakurthy
,1,,Nawada
,4,,Sainthia
,4,,Zirakpur
,3,,Pune
,5,,Baleshwar District
,4,,Kandi
,3,,New Town
,1,,Lakhisarai
,5,,Vadanappally
,4,,Kushinagar District
,4,,West Delhi
,4,,Prayagraj
,4,,Thiruvananthapuram District
,5,,New Delhi
,5,,Palakkad
,5,,Hugli Chinsurah
,5,,Vijapura
,4,,Kanpur
,4,,Bangaon
,4,,Sindkhed Raja
,5,,Durgapur
,1,,Mumbai
,5,,Rohtak
,2,,Bagalkot District
,5,,Bengaluru
,4,,Gaya
,5,,Pune
,5,,Mairwa
,5,,Gonda
,5,,Baghpat District
,5,,Prayagraj
,4,,Daman
,5,,Godda District
,5,,Greater Noida
,5,,Mumbai
,5,,Bangalore
,5,,Kolkata
,5,,Muzaffarpur District
,5,,Burdwan
,5,,Nalbari
,5,,Hosur
,4,,Kasargod
,4,,Bhojpur District
,5,,Bhubaneswar
,4,,Jatani
,5,,Bhagalpur
,4,,Sisauli
,5,,Ramachandrapuram
,5,,Haridwar
,5,,Chennai
,4,,Patna
,5,,Sant Ravidas Nagar Bhadohi District
,5,,Bangalore
,5,,Mandya
,5,,Thane
,5,,New Delhi
,4,,Srikakulam
,3,,Mahrajganj Mahrajganj District
,5,,Chitrakoot District
,4,,Dhania
,3,,South West Delhi
,3,,Faridabad
,5,,Nabagram Colony
,5,,Chittoor
,4,,Jhargam District
,4,,Kolkata
,3,,Kathua
,3,,Siddipet District
,4,,Pimpri Chinchwad
,5,,Pallipalayam
,5,,Kollam
,5,,Khammam District
,5,,Hyderabad
,5,,Tiruppur
,4,,Solapur
,5,,Mayurbhanj District
,5,,Mumbai
,3,,Bengaluru
,5,,Mumbai Suburban
,5,,New Delhi
,5,,Sitapur
,5,,Guntur District
,5,,Kanpur
,3,,Mumbai
,5,,Jaipur
,5,,Raichur District
,5,,Rajkot
,4,,Lucknow
,5,,Sheikhpura District
,5,,Pimpri Chinchwad
,5,,Lunglei District
,3,,Indore
,4,,Kolkata
,5,,Masat Hugli District
,5,,Thiruvananthapuram District
,5,,Kota District
,5,,Ballia
,5,,Narkatiaganj
,5,,Supaul
,5,,Navi Mumbai
,4,,Satna District
,5,,Pappinisseri
,5,,Palakkad
,5,,Purnia District
,1,,Bijnore
,4,,Krishna District
,4,,Lucknow
,5,,Rewa
,5,,Jhargam District
,5,,Khurja
,5,,Ghaziabad
,5,,Jodhpur
,5,,Barasat
,5,,Mumbai
,5,,Raipur
,5,,Aligarh
,5,,Basti
,5,,Koduvayur
,4,,Patna
,5,,Thane District
,4,,Patna
,3,,Indore
,4,,Kolkata
,5,,Masat Hugli District
,5,,Thiruvananthapuram District
,5,,Kota District
,5,,Ballia
,5,,Narkatiaganj
,5,,Supaul
,5,,Navi Mumbai
,4,,Satna District
,5,,Sanand Gidc
,5,,Khagaria
,5,,Rewari
,5,,Ratnagiri District
,5,,Hyderabad
,5,,Perumbavoor
,5,,Siliguri
,3,,Ahmedabad
,5,,Shahdol
,5,,New Delhi
,4,,Uran Islampur
,5,,Agra
,5,,Kolkata
,5,,Belagavi
,5,,Rourkela
,4,,Nagpur
,5,,Cuttack
,5,,Prayagraj
,5,,Thagarapuvalasa
,5,,Surat
,5,,Kolkata
,5,,Vadama
,4,,Pushkar
,5,,Vazhayur
,5,,Medak District
,5,,Bengaluru
,5,,Kavisurjyanagar
,3,,Bengaluru
,5,,Mysuru
,4,,Guwahati
,5,,Sanand Gidc
,5,,Khagaria
,5,,Rewari
,5,,Ratnagiri District
,5,,Hyderabad
,5,,Perumbavoor
,5,,Siliguri
,3,,Ahmedabad
,5,,Shahdol
,5,,New Delhi
,5,,Sanand Gidc
,5,,Khagaria
,5,,Rewari
,5,,Ratnagiri District
,5,,Hyderabad
,5,,Perumbavoor
,5,,Siliguri
,3,,Ahmedabad
,5,,Shahdol
,5,,New Delhi
,5,,Hosur
,4,,Kasargod
,4,,Bhojpur District
,5,,Bhubaneswar
,4,,Jatani
,5,,Bhagalpur
,4,,Sisauli
,5,,Ramachandrapuram
,5,,Haridwar
,5,,Chennai
,4,,Uran Islampur
,5,,Agra
,5,,Kolkata
,5,,Belagavi
,5,,Rourkela
,4,,Nagpur
,5,,Cuttack
,5,,Prayagraj
,5,,Thagarapuvalasa
,5,,Surat
,5,,Kollam
,3,,South West Delhi
,3,,Faridabad
,5,,Nabagram Colony
,5,,Chittoor
,4,,Jhargam District
,4,,Kolkata
,3,,Kathua
,3,,Siddipet District
,4,,Pimpri Chinchwad
,5,,Pallipalayam
,4,,Bengaluru
,4,,Chennai
,5,,Mughalsarai
,3,,Paschim Medinipur District
,5,,Bodh Gaya
,5,,Murshidabad
,3,,Anantapur District
,5,,Madhubani District
,5,,Chennai
,4,,Agartala
,4,,Bengaluru
,4,,Chennai
,5,,Mughalsarai
,3,,Paschim Medinipur District
,5,,Bodh Gaya
,5,,Murshidabad
,3,,Anantapur District
,5,,Madhubani District
,5,,Chennai
,4,,Agartala
,5,,Lalitpur District
,4,,Bakhri
,3,,Jangaon
,5,,Mumbai
,4,,Mangaluru
,5,,New Delhi
,5,,Kangeyam
,5,,Surat
,4,,Ghaziabad
,5,,Kharagpur
,5,,Lalitpur District
,4,,Bakhri
,3,,Jangaon
,5,,Mumbai
,4,,Mangaluru
,5,,New Delhi
,5,,Kangeyam
,5,,Surat
,4,,Ghaziabad
,5,,Kharagpur
,5,,Kalyan
,4,,Gundlupete
,5,,Maudaha
,5,,Pimpri Chinchwad
,5,,Rajampet
,5,,Edappal
,5,,Mumbai
,5,,Belgaum District
,5,,Godda
,1,,Pusad
,5,,Lalitpur District
,4,,Bakhri
,3,,Jangaon
,5,,Mumbai
,4,,Mangaluru
,5,,New Delhi
,5,,Kangeyam
,5,,Surat
,4,,Ghaziabad
,5,,Kharagpur
,4,,Howrah
,5,,Bareilly
,5,,Murshidabad
,5,,Jhajjar District
,2,,Sindhnur
,5,,Kozhikode
,4,,East Godavari District
,5,,Anjar
,5,,Bengaluru
,5,,Fatehpur
,5,,Azamgarh
,5,,Baruipur
,5,,Chakia
,5,,Ismailabad
,5,,Chhatrapur
,5,,Daman
,3,,Ekangar Sarai
,4,,Boisar
,5,,Kota
,5,,Coimbatore
,5,,Ghaziabad
,3,,Mysuru
,5,,Veerakkalpudur
,4,,Kolkata
,5,,Radaur
,5,,Mumbai
,5,,Udaipur
,5,,Navi Mumbai
,5,,New Delhi
,5,,New Delhi
,5,,Lucknow
,5,,New Delhi
,4,,Manesar
,4,,Hanumangarh
,5,,Kundapura
,4,,Ranchi
,1,,Gurugram
,4,,Nadia District
,4,,Bangalore Urban
,5,,Bengaluru
,4,,Jaipur
,5,,Mumbai
,5,,Panayam
,4,,Mumbai
,5,,Bhubaneswar
,5,,Katwa
,5,,Deoria
,4,,Bally
,5,,Krishnagiri
,4,,Lucknow
,5,,Udupi District
,3,,Halisahar
,4,,Patna
,5,,Vasco Da Gama
,1,,Bangalore
,3,,Lucknow
,5,,Coimbatore
,5,,Banka District
,5,,Puducherry
,5,,Lalitpur District
,5,,Koratty
,5,,Nirmal
,5,,Hyderabad
,5,,Hugli Chinsurah
,4,,Ghaziabad
,5,,Thiruvananthapuram
,3,,Jammalamadugu
,4,,Howrah
,5,,Bareilly
,5,,Murshidabad
,5,,Jhajjar District
,2,,Sindhnur
,5,,Kozhikode
,4,,East Godavari District
,4,,Gurugram
,4,,Chengamanad
,4,,Ahmadnagar
,5,,Gangapur City
,5,,Prakasam District
,5,,Bokaro Steel City
,5,,New Delhi
,5,,Ludhiana
,4,,Sathyamangalam
,3,,Pune
,5,,Prayagraj
,4,,Daman
,5,,Godda District
,5,,Greater Noida
,5,,Mumbai
,5,,Bangalore
,5,,Kolkata
,5,,Muzaffarpur District
,5,,Burdwan
,5,,Nalbari
,5,,Guntur District
,5,,Pappinisseri
,5,,Kanpur
,3,,Mumbai
,5,,Jaipur
,5,,Raichur District
,5,,Rajkot
,4,,Lucknow
,5,,Sheikhpura District
,5,,Pimpri Chinchwad
,5,,Lunglei District
,5,,Palakkad
,5,,Purnia District
,1,,Bijnore
,4,,Krishna District
,4,,Lucknow
,5,,Rewa
,5,,Jhargam District
,5,,Khurja
,5,,Ghaziabad
,2,,Alappuzha District
,5,,Kendrapara District
,5,,Cuttack
,5,,Berhampur
,4,,Koch Bihar
,4,,Alappuzha
,5,,Chennai
,5,,Kulti
,4,,Imphal
,1,,Pathanamthitta District
,5,,Banka District
,5,,Puducherry
,5,,Lalitpur District
,5,,Koratty
,5,,Nirmal
,5,,Hyderabad
,5,,Hugli Chinsurah
,4,,Ghaziabad
,5,,Thiruvananthapuram
,3,,Jammalamadugu
,5,,Sambalpur
,5,,North Barrackpur
,5,,Rajula
,5,,Kolkata
,4,,Begusarai
,4,,Navi Mumbai
,5,,Akola
,5,,Madanapalle
,5,,Samastipur
,5,,Bengaluru
,3,,Guwahati
,5,,Santrampur
,4,,Gorakhpur
,5,,Nashik
,5,,Prayagraj
,4,,Darbhanga District
,5,,Warangal
,5,,Pune
,5,,Mumbai
,5,,Ranchi
,5,,Mumbai
,4,,Jhansi
,5,,Ernakulam
,5,,Rangia
,5,,Rewari District
,3,,Sambalpur
,5,,Sitamarhi
,5,,Tirupati
,4,,Ludhiana
,5,,Haora District
,4,,Yol
,5,,Ahmedabad
,5,,Manjeri
,5,,Bengaluru
,4,,Surat
,5,,Kunnummal
,5,,Tiruppur
,5,,Maldah District
,5,,Ramanathapuram District
,5,,Chennai
,1,,Kolkata
,1,,Hyderabad
,1,,Bodinayakanur
,5,,Kolkata
,4,,Sangareddy District
,5,,Varanasi
,5,,Birbhum District
,4,,Jamshedpur
,4,,Kolkata
,4,,Chakan
,5,,Sambalpur District
,5,,Nizamabad District
,2,,Sarai Aquil
,4,,Rajpur Sonarpur
,5,,Banka District
,5,,Puducherry
,5,,Lalitpur District
,5,,Koratty
,5,,Nirmal
,5,,Hyderabad
,5,,Hugli Chinsurah
,4,,Ghaziabad
,5,,Thiruvananthapuram
,3,,Jammalamadugu
,4,,Alappuzha
,5,,Thrissur
,5,,Mahindra World City
,1,,Katwa
,1,,Hyderabad
,5,,Rourkela
,5,,Hyderabad
,5,,Tenkasi
,5,,Hyderabad
,5,,Cuttack
,4,,Surat
,5,,Cuddalore
,5,,Tiruppur
,5,,Maldah District
,5,,Ramanathapuram District
,5,,Chennai
,1,,Kolkata
,1,,Hyderabad
,1,,Bodinayakanur
,5,,Kolkata
,4,,Sangareddy District
,5,,Ludhiana
,5,,Jejuri
,4,,Gurugram
,4,,Kothakota
,5,,Mau Aima
,3,,Navsari
,5,,Agra
,5,,Kalyan
,5,,Kanwat
,4,,Boisar
,5,,Kota
,5,,Coimbatore
,5,,Ghaziabad
,3,,Mysuru
,5,,Veerakkalpudur
,4,,Kolkata
,5,,Radaur
,5,,Mumbai
,5,,Udaipur
,5,,Cuddalore
,5,,Ludhiana
,5,,Jejuri
,4,,Gurugram
,4,,Kothakota
,5,,Mau Aima
,3,,Navsari
,5,,Agra
,5,,Kalyan
,5,,Kanwat
,5,,Kolkata
,5,,Bhadrak
,3,,Haridwar
,4,,Sivasagar District
,4,,Mairwa
,5,,Nadia District
,5,,Thanjavur District
,2,,Tuni
,4,,Allahabad District
,5,,Gaya
,5,,Melur
,5,,Mumbai
,5,,Kolkata
,3,,Sarupathar
,5,,Khagaria District
,5,,Ambarnath
,5,,Nizamabad
,4,,Patna
,5,,Satara
,5,,Pathanamthitta
,4,,Chapari
,3,,Hyderabad
,5,,Kolkata
,3,,Sarupathar
,5,,Khagaria District
,5,,Ambarnath
,5,,Nizamabad
,4,,Patna
,5,,Satara
,5,,Pathanamthitta
,4,,Chapari
,3,,Hyderabad
,5,,Kamrup District
,5,,Naduvannur
,3,,Bhagalpur
,4,,Bilaspur
,4,,Vasai Virar
,5,,Kovilpatti
,5,,Pathanamthitta District
,4,,Pune
,5,,Oddanchatram
,5,,Nagpur
,5,,Banka District
,5,,Puducherry
,5,,Lalitpur District
,5,,Koratty
,5,,Nirmal
,5,,Hyderabad
,5,,Hugli Chinsurah
,4,,Ghaziabad
,5,,Thiruvananthapuram
,3,,Jammalamadugu
,5,,Nichlaul
,5,,Kashipur
,4,,Gorakhpur
,4,,Barasat
,4,,Saharsa
,4,,Mumbai
,5,,Mumbai
,5,,Kendujhar District
,5,,Madhubani
,4,,Dhubri District
,5,,Jodhpur
,5,,Barasat
,5,,Mumbai
,5,,Raipur
,5,,Aligarh
,5,,Basti
,5,,Koduvayur
,4,,Patna
,5,,Thane District
,4,,Patna
,5,,Dakshin Dinajpur District
,5,,Guwahati
,5,,Madurai
,5,,Kolkata
,3,,Neyyattinkara
,5,,Dehradun District
,5,,Alwar
,5,,Gurugram
,3,,Mirzapur District
,4,,Katihar
,5,,Puvalur
,2,,Chennai
,5,,Azamgarh District
,4,,Serampore
,5,,Dhenkanal District
,4,,Basirhat
,5,,Purba Bardhaman District
,4,,Kanchrapara
,5,,New Delhi
,5,,Pinjore
,4,,Allahabad
,5,,Jamshedpur
,4,,Kannur
,5,,Ghaziabad
,5,,Chennai
,5,,Dehradun District
,5,,Alwar
,5,,Gurugram
,3,,Mirzapur District
,4,,Katihar
,5,,Puvalur
,2,,Chennai
,5,,Azamgarh District
,4,,Serampore
,5,,Dhenkanal District
,4,,Kolkata
,1,,Kadapa
,5,,Khambhat
,5,,Navi Mumbai
,1,,Gonda District
,4,,Chennai
,3,,Bhavnagar
,5,,Egarkunr
,5,,Pilibhit
,4,,Chennai
,5,,Ernakulam
,5,,Varanasi
,4,,Purbi Singhbhum District
,4,,Azamgarh
,5,,Kolkata
,5,,Sagar
,5,,Kurnool
,5,,Singur
,5,,New Delhi
,5,,Bhagalpur
,4,,Alappuzha
,5,,Thrissur
,5,,Mahindra World City
,1,,Katwa
,1,,Hyderabad
,5,,Rourkela
,5,,Hyderabad
,5,,Tenkasi
,5,,Hyderabad
,5,,Cuttack
,4,,Jaunpur
,4,,Bengaluru
,5,,Greater Noida
,5,,Kolkata
,5,,Hyderabad
,5,,Puranpur
,3,,Coimbatore
,5,,Palamu District
,5,,Ozar
,4,,New Delhi
,5,,Kalwakurthy
,4,,Bengaluru
,5,,Greater Noida
,5,,Kolkata
,5,,Hyderabad
,5,,Puranpur
,3,,Coimbatore
,5,,Palamu District
,5,,Ozar
,4,,New Delhi
,5,,Kalwakurthy
,5,,Kolkata
,5,,Vadama
,4,,Pushkar
,5,,Vazhayur
,5,,Medak District
,5,,Bengaluru
,5,,Kavisurjyanagar
,3,,Bengaluru
,5,,Mysuru
,4,,Guwahati
,4,,Basirhat
,5,,Purba Bardhaman District
,4,,Kanchrapara
,5,,New Delhi
,5,,Pinjore
,4,,Allahabad
,5,,Jamshedpur
,4,,Kannur
,5,,Ghaziabad
,5,,Chennai
,4,,Bally
,5,,Krishnagiri
,4,,Lucknow
,5,,Udupi District
,3,,Halisahar
,4,,Patna
,5,,Vasco Da Gama
,1,,Bangalore
,3,,Lucknow
,5,,Coimbatore
,5,,Dakshin Dinajpur District
,5,,Guwahati
,5,,Madurai
,5,,Kolkata
,3,,Neyyattinkara
,4,,Alappuzha
,5,,Thrissur
,5,,Mahindra World City
,1,,Katwa
,1,,Hyderabad
,5,,Rourkela
,5,,Hyderabad
,5,,Tenkasi
,5,,Hyderabad
,5,,Cuttack
,5,,Gurgaon
,5,,Chennai
,5,,Mokokchung
,5,,Hazaribagh
,5,,Hyderabad
,5,,Chennai
,5,,Huzurnagar
,5,,Noida
,4,,Bengaluru
,5,,Agartala
,5,,Navi Mumbai
,5,,Pilibhit
,4,,Bhiwandi
,5,,Naugachhia
,5,,Jaipur
,5,,Golaghat
,5,,Chandrapur
,5,,Kannur
,5,,Baudh District
,5,,New Delhi
,4,,Sanand
,5,,Jhajjar
,5,,New Delhi
,5,,Palakkad
,5,,Vishakhapatnam
,5,,New Delhi
,5,,Kolkata
,5,,Kalyan
,5,,Chennai
,5,,Navi Mumbai
,5,,New Delhi
,5,,Lucknow
,5,,New Delhi
,4,,Manesar
,4,,Hanumangarh
,5,,Kundapura
,4,,Ranchi
,1,,Gurugram
,4,,Nadia District
,4,,Alappuzha
,5,,Thrissur
,5,,Mahindra World City
,1,,Katwa
,1,,Hyderabad
,5,,Rourkela
,5,,Hyderabad
,5,,Tenkasi
,5,,Hyderabad
,5,,Cuttack
,5,,Hosur
,4,,Kasargod
,4,,Bhojpur District
,5,,Bhubaneswar
,4,,Jatani
,5,,Bhagalpur
,4,,Sisauli
,5,,Ramachandrapuram
,5,,Haridwar
,5,,Chennai
,5,,Hugli District
,5,,Bhadreswar
,5,,Hyderabad
,4,,Bijapur
,1,,Rajam
,4,,New Delhi
,4,,Golaghat
,4,,Bijapur District
,5,,Barrackpore
,5,,Rajpur Sonarpur
,4,,Alappuzha
,5,,Thrissur
,5,,Mahindra World City
,1,,Katwa
,1,,Hyderabad
,5,,Rourkela
,5,,Hyderabad
,5,,Tenkasi
,5,,Hyderabad
,5,,Cuttack
,5,,New Delhi
,4,,Bangalore Urban
,5,,Bengaluru
,4,,Jaipur
,5,,Mumbai
,5,,Panayam
,4,,Mumbai
,5,,Bhubaneswar
,5,,Katwa
,5,,Deoria
,4,,Alappuzha
,5,,Thrissur
,5,,Mahindra World City
,1,,Katwa
,1,,Hyderabad
,5,,Rourkela
,5,,Hyderabad
,5,,Tenkasi
,5,,Hyderabad
,5,,Cuttack
productid,rate,cmt,username
,5,,Chennai
,4,,Aurangabad District
,5,,Darbhanga
,3,,Bhatpar Rani
,5,,Saran District
,5,,Silvassa
,4,,Mumbai
,4,,Deoria
,5,,Gundlupet
,5,,Bargarh District
,5,,Chennai
,4,,Aurangabad District
,5,,Darbhanga
,3,,Bhatpar Rani
,5,,Saran District
,5,,Silvassa
,4,,Mumbai
,4,,Deoria
,5,,Gundlupet
,5,,Bargarh District
,4,,Gwalior
,4,,Alwar
,3,,Hooghly
,5,,Erode
,3,,Allahabad
,5,,Navi Mumbai
,3,,New Delhi
,5,,Begusarai
,5,,Latur District
,5,,Ahmadpur
,5,,Kolkata
,5,,Dindigul
,5,,Ahmedabad
,5,,Navi Mumbai
,5,,Kolkata
,1,,Tiruchirappalli
,5,,Hailakandi District
,5,,Purba Bardhaman District
,5,,Jamshedpur
,5,,Raighar
,5,,Chennai
,4,,Aurangabad District
,5,,Darbhanga
,3,,Bhatpar Rani
,5,,Saran District
,5,,Silvassa
,4,,Mumbai
,4,,Deoria
,5,,Gundlupet
,5,,Bargarh District
,5,,Cuttack
,3,,Naihati
,5,,Agartala
,5,,Osmanabad
,5,,Kolkata
,5,,Firozpur
,5,,New Delhi
,4,,Ahmadnagar
,4,,Hyderabad
,5,,Pakur District
,4,,Alwar
,5,,Dindigul
,5,,Ahmedabad
,5,,Navi Mumbai
,5,,Kolkata
,1,,Tiruchirappalli
,5,,Hailakandi District
,5,,Purba Bardhaman District
,5,,Jamshedpur
,5,,Raighar
,4,,Alwar
,5,,Dindigul
,5,,Ahmedabad
,5,,Navi Mumbai
,5,,Kolkata
,1,,Tiruchirappalli
,5,,Hailakandi District
,5,,Purba Bardhaman District
,5,,Jamshedpur
,5,,Raighar
,5,,Hugli Chinsurah
,5,,New Town
,5,,Kolkata
,5,,Cuttack
,3,,Naihati
,5,,Agartala
,5,,Osmanabad
,5,,Kolkata
,5,,Firozpur
,5,,New Delhi
,4,,Ahmadnagar
,4,,Hyderabad
,5,,Pakur District
,5,,Hugli Chinsurah
,5,,New Town
,5,,Kolkata
,5,,Hugli Chinsurah
,5,,New Town
,5,,Kolkata
,5,,Purnia District
,5,,Panna
,1,,Vellore
,5,,Bengaluru
,4,,Thrissur
,5,,Naigaon
,5,,Patna
,5,,Rohtas District
,4,,Kanpur
,4,,Madhoganj
,5,,Singrauli District
,4,,Kanpur
,4,,Bankura District
,4,,Bhatpara
,4,,North Barrackpur
,5,,Gaya
,5,,Dewas
,5,,Edathiruthy
,2,,Sambalpur
,3,,Agra
,5,,Pune
,1,,Mumbai
,5,,Haridwar
,5,,Sonipat
,5,,Mumbai
,5,,Araria District
,5,,Vidisha
,5,,Machhiwara
,4,,Sindhnur
,5,,Gorakhpur
,5,,Uttara Kannada District
,5,,Sanand
,5,,Puthukkad
,5,,Anugul District
,5,,Begusarai District
,5,,Agartala
,5,,Purnia District
,5,,Panna
,1,,Vellore
,5,,Bengaluru
,4,,Thrissur
,5,,Naigaon
,5,,Patna
,5,,Rohtas District
,4,,Madhoganj
,5,,Singrauli District
,4,,Malda
,5,,Jorhat
,4,,Tirupur
,5,,Darbhanga
,4,,Jhansi
,2,,Ghatal
,5,,Kochi
,4,,Mau District
,5,,Ghaziabad
,4,,Mau District
,4,,Bankura
,4,,Kurnool District
,5,,New Delhi
,5,,Chandigarh
,5,,Ausa
,4,,Bangalore
,5,,Berhampore
,3,,Ernakulam
,5,,Gwalior District
,5,,Chalisgaon
,5,,Edathiruthy
,5,,Machhiwara
,4,,Sindhnur
,5,,Gorakhpur
,5,,Uttara Kannada District
,5,,Sanand
,5,,Puthukkad
,5,,Anugul District
,5,,Begusarai District
,5,,Agartala
,3,,Kalaburgi
,5,,Bankura
,4,,Gaya District
,3,,Dhemaji District
,5,,Asansol
,5,,Sonbhadra District
,5,,New Town
,4,,Tenkasi District
,1,,Hamirpur District
,5,,Proddatur
,5,,Basudebpur Purba Medinipur District
,5,,Bengaluru Rural District
,4,,East Godavari District
,5,,Sultanpur District
,4,,Hyderabad
,4,,Maldah District
,5,,Patna District
,5,,New Delhi
,3,,Dindigul
,5,,Panihati
,5,,Edathiruthy
,5,,Machhiwara
,4,,Sindhnur
,5,,Gorakhpur
,5,,Uttara Kannada District
,5,,Sanand
,5,,Puthukkad
,5,,Anugul District
,5,,Basudebpur Purba Medinipur District
,5,,Begusarai District
,5,,Agartala
,5,,Bengaluru Rural District
,4,,East Godavari District
,5,,Sultanpur District
,4,,Hyderabad
,4,,Maldah District
,5,,Patna District
,5,,New Delhi
,3,,Dindigul
,5,,Panihati
,3,,Kalaburgi
,5,,Bengaluru
,5,,Bankura
,4,,Gaya District
,3,,Dhemaji District
,5,,Asansol
,5,,Sonbhadra District
,5,,New Town
,4,,Tenkasi District
,1,,Hamirpur District
,5,,Proddatur
,4,,Madurai District
,4,,Chennai
,5,,Haora District
,5,,Chandannagar
,5,,Gorakhpur
,4,,Panna District
,5,,Kalyandurg
,5,,Puri
,5,,Mumbai
,3,,Kalaburgi
,4,,Bankura District
,5,,Bankura
,4,,Gaya District
,3,,Dhemaji District
,5,,Asansol
,5,,Sonbhadra District
,5,,New Town
,4,,Tenkasi District
,1,,Hamirpur District
,5,,Proddatur
,4,,Bhatpara
,4,,North Barrackpur
,5,,Gaya
,5,,Sonipat District
,4,,Rampurhat
,5,,Manohar Pur
,5,,Bengaluru
,5,,Lalsot
,5,,South Twenty Four Parganas District
,5,,Tanda Rampur District
,4,,Jaipur
,5,,Gurgaon
,4,,South Goa District
,3,,South West Delhi
,3,,Faridabad
,5,,Nabagram Colony
,5,,Chittoor
,4,,Jhargam District
,4,,Kolkata
,3,,Kathua
,3,,Siddipet District
,4,,Pimpri Chinchwad
,5,,Pallipalayam
,5,,Dewas
,2,,Sambalpur
,3,,Agra
,5,,Pune
,1,,Mumbai
,5,,Haridwar
,5,,Sonipat
,5,,Mumbai
,5,,Araria District
,5,,Vidisha
,5,,Raval
,4,,Dhenkanal
,2,,New Delhi
,3,,Matialihat
,5,,Karnal
,4,,Giridih District
,5,,Dehradun
,5,,Pipri
,5,,Dibrugarh
,1,,Chamba District
,1,,Bhagalpur
,5,,Dewas
,4,,Bhagalpur
,4,,Talcher
,5,,Ranpur
,2,,Thiruvananthapuram
,5,,Odagaon
,5,,Ariyallur
,4,,Coimbatore
,3,,Varanasi
,5,,Thodupuzha
,2,,Sambalpur
,3,,Agra
,5,,Pune
,1,,Mumbai
,5,,Haridwar
,5,,Sonipat
,5,,Mumbai
,5,,Araria District
,5,,Vidisha
,5,,Surat
,5,,Miryalaguda
,5,,Katihar
,5,,Udaipur
,5,,Belagavi
,5,,Surat
,4,,Howrah
,5,,Nadia District
,4,,Madhuban Giridih District
,5,,New Delhi
,5,,Surat
,5,,Miryalaguda
,5,,Katihar
,5,,Udaipur
,5,,Belagavi
,5,,Surat
,4,,Howrah
,5,,Nadia District
,4,,Madhuban Giridih District
,5,,New Delhi
,5,,Sonipat District
,4,,Rampurhat
,5,,Manohar Pur
,5,,Bengaluru
,5,,Lalsot
,5,,South Twenty Four Parganas District
,5,,Tanda Rampur District
,4,,Jaipur
,5,,Gurgaon
,4,,South Goa District
,5,,Bhubaneswar
,5,,Kochi
,5,,Wayanad District
,1,,Veraval
,5,,Mira Bhayandar
,4,,Pirangut
,4,,Theni District
,5,,Navi Mumbai
,5,,Anand
,5,,Nagercoil
,5,,Kollam District
,3,,Vilavancode
,5,,Begusarai
,5,,Mathura
,5,,Mahuva
,4,,New Delhi
,3,,Chennai
,1,,Lalkuan
,5,,Kulasekharapuram
,5,,Shahjahanpur
,5,,Guwahati
,4,,Kanpur
,5,,Davorlim
,5,,Purba Bardhaman District
,5,,Ernakulam
,5,,Khandwa
,4,,Ernakulam
,4,,Chennai
,4,,Aurangabad
,4,,Allahabad
,1,,Kadirur
,4,,Hyderabad
,5,,North 24 Parganas
,5,,Mananthavady
,5,,Dwarka
,5,,Ranaghat
,4,,Ganjam District
,4,,Hyderabad
,5,,Barabanki
,5,,Itarsi
,4,,Ernakulam
,5,,Kanpur
,5,,Nadiad
,5,,Kollam District
,3,,Vilavancode
,5,,Begusarai
,5,,Mathura
,5,,Mahuva
,4,,New Delhi
,3,,Chennai
,1,,Lalkuan
,5,,Kulasekharapuram
,5,,Shahjahanpur
,4,,Kanpur
,4,,Hyderabad
,5,,North 24 Parganas
,5,,Mananthavady
,5,,Dwarka
,5,,Ranaghat
,4,,Ganjam District
,4,,Hyderabad
,5,,Barabanki
,5,,Itarsi
,5,,Surat
,5,,Miryalaguda
,5,,Katihar
,5,,Udaipur
,5,,Belagavi
,5,,Surat
,4,,Howrah
,5,,Nadia District
,4,,Madhuban Giridih District
,5,,New Delhi
,2,,Bangalore Urban
,5,,Kollam District
,5,,Muzaffarpur
,5,,Varanasi
,5,,Tikari
,2,,New Delhi
,1,,Nilanga
,5,,Ganjam District
,5,,Dighwara
,5,,Solapur
,5,,New Delhi
,3,,Vilavancode
,5,,Begusarai
,5,,Mathura
,5,,Mahuva
,4,,New Delhi
,3,,Chennai
,1,,Lalkuan
,5,,Kulasekharapuram
,5,,Shahjahanpur
,4,,Bengaluru
,4,,Garbeta
,5,,Gautam Buddha Nagar District
,5,,Khidirpur
,3,,Vaishali District
,4,,Murshidabad District
,5,,Madhubani District
,4,,Unnao
,5,,Muzaffarpur
,1,,Vaikom
,5,,Raval
,4,,Dhenkanal
,2,,New Delhi
,3,,Matialihat
,5,,Karnal
,4,,Giridih District
,5,,Dehradun
,5,,Pipri
,5,,Dibrugarh
,1,,Chamba District
,4,,Ghazipur District
,4,,Lakhisarai
,5,,Muzaffarpur District
,5,,Malkangiri District
,5,,Uluberia
,5,,Mahrajganj District
,5,,Davanagere
,5,,Balapur Hingoli District
,5,,Kurukshetra
,5,,Bhubaneswar
,5,,Raval
,4,,Dhenkanal
,2,,New Delhi
,3,,Matialihat
,5,,Karnal
,4,,Giridih District
,5,,Dehradun
,5,,Pipri
,5,,Dibrugarh
,1,,Chamba District
,5,,Thiruvananthapuram
,5,,Peddapalle
,5,,Ekangar Sarai
,5,,Jamnagar District
,4,,Gaya District
,4,,Chandigarh
,5,,Sri Potti Sriramulu Nellore District
,5,,Saharanpur
,5,,Kollam
,5,,Katihar District
,4,,Sanawad
,2,,Ajmer
,5,,Mau District
,1,,Noida
,5,,Lucknow
,5,,Jaipur
,5,,Meghnagar
,5,,Deoria District
,5,,Bhagalpur
,5,,Machilipatnam
,5,,Kanchrapara
,5,,Rourkela
,5,,Mira Bhayandar
,4,,Bangalore
,5,,Satara
,5,,Dharwar
,3,,Palanpur
,5,,Yavatmal
,5,,Surat
,5,,Vellore
,5,,Thiruvananthapuram
,5,,Peddapalle
,5,,Ekangar Sarai
,5,,Jamnagar District
,4,,Gaya District
,4,,Chandigarh
,5,,Sri Potti Sriramulu Nellore District
,5,,Saharanpur
,5,,Kollam
,5,,Katihar District
,4,,Ghazipur District
,5,,Nagpur District
,4,,Lakhisarai
,5,,Muzaffarpur District
,5,,Malkangiri District
,5,,Uluberia
,5,,Mahrajganj District
,5,,Davanagere
,5,,Balapur Hingoli District
,5,,Kurukshetra
,5,,Bhubaneswar
,4,,Nabagram Colony
,5,,Ambala
,3,,Kollankoil
,1,,Vasai Virar
,4,,Kodarma District
,1,,Ahmedabad
,5,,Ahmedabad
,3,,Kolkata
,5,,Dhanyakuria
,2,,Mahbubnagar
,3,,Berhampore
,5,,Tirunelveli
,3,,Virudhunagar
,4,,Srikakulam
,3,,Ghaziabad
,3,,Bidar
,3,,Vasai Virar
,4,,Maner
,4,,Pune
,5,,New Delhi
,4,,Modasa
,1,,Chennai
,5,,Lalganj
,5,,New Delhi
,5,,Nanded Waghala
,5,,Noida
,4,,Kamrup Metropolitan District
,5,,Jamshedpur
,2,,Greater Noida
,5,,Nagpur District
,5,,New Delhi
,4,,Nabagram Colony
,5,,Ambala
,3,,Kollankoil
,1,,Vasai Virar
,4,,Kodarma District
,1,,Ahmedabad
,5,,Ahmedabad
,3,,Kolkata
,5,,Dhanyakuria
,4,,Modasa
,1,,Chennai
,5,,Lalganj
,5,,New Delhi
,5,,Nanded Waghala
,5,,Noida
,4,,Kamrup Metropolitan District
,5,,Jamshedpur
,2,,Greater Noida
,5,,Ganjam District
,5,,Hugli Chinsurah
,5,,Kumarapalayam
,5,,Alipurduar District
,5,,Waluj Midc
,3,,Bargarh District
,4,,Kakinada
,5,,Kalol Gandhinagar District
,4,,Baleshwar District
,5,,Kannur District
,4,,Prayagraj
,1,,New Delhi
,3,,New Delhi
,1,,Howrah
,1,,Bengaluru
,5,,Tarakeswar
,1,,Domjur
,5,,Rangpo
,1,,Ahmedabad
,1,,Chennai
,5,,Nagpur District
,4,,Nabagram Colony
,5,,Ambala
,3,,Kollankoil
,1,,Vasai Virar
,4,,Kodarma District
,1,,Ahmedabad
,5,,Ahmedabad
,3,,Kolkata
,5,,Dhanyakuria
,5,,Thiruvananthapuram
,5,,Peddapalle
,5,,Ekangar Sarai
,5,,Jamnagar District
,4,,Gaya District
,4,,Chandigarh
,5,,Sri Potti Sriramulu Nellore District
,5,,Saharanpur
,5,,Kollam
,5,,Katihar District
,4,,Haora District
,5,,Chavara
,4,,Ranirbazar
,1,,Berhampur
,5,,Gopalganj District
,1,,New Delhi
,5,,Bhadrak
,2,,Chennai
,4,,Bokaro Steel City
,5,,Guntur District
,5,,Jaipur
,5,,Hoshangabad District
,4,,Bhadreswar
,5,,Mumbai
,1,,Chennai
,5,,Pune
,5,,Guntur District
,5,,Tumkur District
,5,,Kupwara District
,5,,Panihati
,4,,Burdwan
,5,,Jhargram
,5,,Jangipur
,5,,Gaya
,1,,Malappuram District
,5,,Mumbai
,5,,Saran District
,5,,Champua
,4,,Nimapada
,5,,West Medinipur
,4,,Sanawad
,2,,Ajmer
,5,,Mau District
,1,,Noida
,5,,Lucknow
,5,,Jaipur
,5,,Meghnagar
,5,,Deoria District
,5,,Bhagalpur
,5,,Machilipatnam
,4,,Sanawad
,2,,Ajmer
,5,,Mau District
,1,,Noida
,5,,Lucknow
,5,,Jaipur
,5,,Meghnagar
,5,,Deoria District
,5,,Bhagalpur
,5,,Machilipatnam
,5,,Chakan
,5,,Bhojpur District
,5,,Baleshwar District
,5,,Muzaffarpur
,3,,Teghra
,4,,Bhatiya
,5,,Purnia
,5,,Bengaluru
,5,,Purba Bardhaman District
,5,,Agra District
,4,,Haora District
,5,,Chavara
,4,,Ranirbazar
,1,,Berhampur
,5,,Gopalganj District
,1,,New Delhi
,5,,Bhadrak
,2,,Chennai
,4,,Bokaro Steel City
,5,,Guntur District
,5,,Bengaluru
,5,,Chitradurga District
,3,,Patna
,5,,Lucknow
,5,,Uttara Kannada District
,5,,Palakkad District
,5,,Rajgarh Rajgarh District
,4,,Allahabad
,5,,Hyderabad
,5,,Haldia
,5,,Siliguri
,4,,Jsw Steel Plant Township
,3,,Sonepat
,5,,Dharwad District
,3,,Jaipur
,5,,Begusarai
,4,,Nagpur
,5,,Charthaval
,3,,Salempur
,5,,Hugli District
,1,,Tirupati
,4,,Panihati
,5,,Revelganj
,5,,Dehradun District
,5,,Bengaluru
,5,,Banda
,5,,New Delhi
,4,,Aurangabad
,5,,Banki Mongra
,5,,Baleshwar District
,5,,Jhunjhunun District
,5,,Jalna
,5,,Namrup
,3,,Hanumangarh District
,5,,Bhind
,1,,Gopalganj District
,5,,Mangaluru
,5,,Hanspura
,1,,Samastipur District
,5,,Puri District
,5,,Bhopal
,4,,Purba Champaran District
,3,,Ambur
,5,,Kota
,4,,Kasargod
,5,,Faridabad
,3,,Tirupur
,5,,Baddi
,5,,Itanagar
,5,,Saharsa
,5,,Jaipur
,5,,Hoshangabad District
,4,,Bhadreswar
,5,,Mumbai
,1,,Chennai
,5,,Pune
,5,,Guntur District
,5,,Tumkur District
,5,,Kupwara District
,5,,Panihati
,1,,Tirupati
,4,,Panihati
,5,,Revelganj
,5,,Dehradun District
,5,,Bengaluru
,5,,Banda
,5,,New Delhi
,4,,Aurangabad
,5,,Banki Mongra
,5,,Baleshwar District
,5,,Bhopal
,4,,Purba Champaran District
,3,,Ambur
,5,,Kota
,4,,Kasargod
,5,,Faridabad
,3,,Tirupur
,5,,Baddi
,5,,Itanagar
,5,,Saharsa
,5,,Pune
,5,,Anantapur
,5,,Lucknow
,5,,Lucknow
,5,,Chowwara
,4,,Anantpur
,4,,Shahjahanpur District
,5,,Hyderabad
,5,,Udupi District
,5,,Gomoh
,4,,Dhanbad
,5,,Barabanki
,5,,Manapparai
,3,,Palamu
,5,,Khunti
,5,,Chengalpattu District
,5,,Thanjavur
,1,,Chennai
,5,,Mhasla
,5,,Siliguri
,5,,Chakan
,5,,Bhojpur District
,5,,Baleshwar District
,5,,Muzaffarpur
,3,,Teghra
,4,,Bhatiya
,5,,Purnia
,5,,Bengaluru
,5,,Purba Bardhaman District
,5,,Agra District
,5,,Chakan
,5,,Bhojpur District
,5,,Baleshwar District
,5,,Muzaffarpur
,3,,Teghra
,4,,Bhatiya
,5,,Purnia
,5,,Bengaluru
,5,,Purba Bardhaman District
,5,,Agra District
,5,,Koduvally
,1,,Asansol
,5,,Hugli District
,4,,Kadipur
,5,,Alok City
,5,,Bhuban
,5,,Domariyaganj
,5,,Barbil
,5,,Saran District
,5,,Birbhum
,5,,Jhunjhunun District
,5,,Jalna
,5,,Namrup
,3,,Hanumangarh District
,5,,Bhind
,1,,Gopalganj District
,5,,Mangaluru
,5,,Hanspura
,1,,Samastipur District
,5,,Puri District
,5,,Bhopal
,4,,Purba Champaran District
,3,,Ambur
,5,,Kota
,4,,Kasargod
,5,,Faridabad
,3,,Tirupur
,5,,Baddi
,5,,Itanagar
,5,,Saharsa
,4,,Bengaluru
,5,,Chapra
,5,,Dharwad
,5,,Supaul District
,5,,Kollam
,4,,Pithoragarh
,5,,Coimbatore
,5,,Ramanagara
,4,,Howrah
,5,,Rishra
,5,,Jhunjhunun District
,5,,Jalna
,5,,Namrup
,3,,Hanumangarh District
,5,,Bhind
,1,,Gopalganj District
,5,,Mangaluru
,5,,Hanspura
,1,,Samastipur District
,5,,Puri District
,5,,Sultanpur District
,5,,Sasaram
,4,,New Delhi
,5,,Hugli District
,5,,Tiruchirappalli District
,1,,Gurgaon
,5,,Visakhapatnam
,4,,Jamui
,5,,Guskara
,5,,Jawharnagar
,5,,Pune
,5,,Anantapur
,5,,Lucknow
,5,,Lucknow
,5,,Chowwara
,4,,Anantpur
,4,,Shahjahanpur District
,5,,Hyderabad
,5,,Udupi District
,5,,Gomoh
,5,,Krishna District
,5,,Aurangabad District
,3,,Dharwad District
,5,,Thane
,5,,Suar
,5,,Pune
,5,,Navi Mumbai
,4,,Surat
,5,,Midnapore
,5,,Bolpur
,3,,Visakhapatnam District
,1,,Koch Bihar District
,5,,Madhubani District
,4,,Kanpur
,4,,Banda District
,5,,Purba Bardhaman District
,4,,Palakkad
,5,,Muzaffarpur District
,5,,Sitamarhi
,5,,Ankleshwar
,5,,Aurangabad
,4,,New Delhi
,4,,Rajanna Sircilla District
,5,,Gola Bazar
,4,,Patna
,5,,Dharangaon
,5,,Vijapur
,5,,Jamnagar
,5,,Gyanpur
,5,,Ramgarh
,5,,Banka District
,5,,Bellary District
,1,,Murshidabad
,3,,New Town
,1,,Jaipur
,3,,New Delhi
,5,,New Delhi
,4,,Bara Jumla
,4,,Chennai
,5,,Karaikal
,5,,Banka District
,5,,Bellary District
,1,,Murshidabad
,3,,New Town
,1,,Jaipur
,3,,New Delhi
,5,,New Delhi
,4,,Bara Jumla
,4,,Chennai
,5,,Karaikal
,3,,Visakhapatnam District
,1,,Koch Bihar District
,5,,Madhubani District
,4,,Kanpur
,4,,Banda District
,5,,Purba Bardhaman District
,4,,Palakkad
,5,,Muzaffarpur District
,5,,Sitamarhi
,5,,Ankleshwar
,5,,Faridabad
,5,,Hyderabad
,5,,Mumbai
,5,,Guna District
,5,,Pashchimi Singhbhum District
,4,,Bhiwadi
,5,,Ghrowal
,5,,Madhyamgram
,5,,Bareilly
,5,,Bhiwadi
,4,,Begusarai
,4,,Palakkad
,4,,Uttar Dinajpur District
,5,,Bengaluru
,5,,Howli
,4,,Kandhamal District
,5,,New Delhi
,5,,Salar
,5,,North Twenty Four Parganas District
,5,,Bijnor District
,5,,Faridabad
,5,,Hyderabad
,5,,Mumbai
,5,,Guna District
,5,,Pashchimi Singhbhum District
,4,,Bhiwadi
,5,,Ghrowal
,5,,Madhyamgram
,5,,Bareilly
,5,,Bhiwadi
,5,,Faridabad
,5,,Hyderabad
,5,,Mumbai
,5,,Guna District
,5,,Pashchimi Singhbhum District
,4,,Bhiwadi
,5,,Ghrowal
,5,,Madhyamgram
,5,,Bareilly
,5,,Bhiwadi
,5,,Aurangabad
,4,,New Delhi
,4,,Rajanna Sircilla District
,5,,Gola Bazar
,4,,Patna
,5,,Dharangaon
,5,,Vijapur
,5,,Jamnagar
,5,,Gyanpur
,5,,Ramgarh
,5,,Sultanpur District
,5,,Sasaram
,4,,New Delhi
,5,,Hugli District
,5,,Tiruchirappalli District
,1,,Gurgaon
,5,,Visakhapatnam
,4,,Jamui
,5,,Guskara
,5,,Jawharnagar
,4,,Kambam
,2,,Noida
,5,,Ballia District
,1,,Bengaluru
,4,,Azamgarh
,1,,Thammampatti
,1,,Rameswaram
,5,,New Delhi
,5,,Jaunpur District
,5,,Jamui District
,5,,Banka District
,5,,Bellary District
,1,,Murshidabad
,3,,New Town
,1,,Jaipur
,3,,New Delhi
,5,,New Delhi
,4,,Bara Jumla
,4,,Chennai
,5,,Karaikal
,5,,Kadi
,5,,Kadi
,4,,Kondotty
,5,,Bhangar Raghunathpur
,5,,Tinsukia District
,5,,Dakshin Dinajpur District
,5,,Hansi
,4,,Nagaon
,3,,Ranchi
,5,,Gangnapur
,5,,Udaipura
,1,,Jaipur
,4,,Ahwa
,1,,Chennai
,4,,Hosadurga
,1,,Kolkata
,5,,Lucknow
,3,,West Karbi Anglong District
,1,,New Delhi
,5,,Agra
,5,,Kadi
,5,,Kadi
,4,,Kondotty
,5,,Bhangar Raghunathpur
,5,,Tinsukia District
,5,,Dakshin Dinajpur District
,5,,Hansi
,4,,Nagaon
,3,,Ranchi
,5,,Gangnapur
,4,,Dehradun
,5,,Arrah
,5,,Barasat
,1,,Mumbai
,1,,Srikakulam
,1,,Ahmedabad
,5,,Tiruchirappalli
,5,,Nalgonda
,4,,Kharar
,5,,Thiruvannamalai
,5,,Aurangabad
,4,,New Delhi
,4,,Rajanna Sircilla District
,5,,Gola Bazar
,4,,Patna
,5,,Dharangaon
,5,,Vijapur
,5,,Jamnagar
,5,,Gyanpur
,5,,Ramgarh
,5,,Haora District
,4,,Faridabad
,5,,Vadodara
,5,,Naugachhia
,5,,Sri Potti Sriramulu Nellore District
,5,,Khamgaon
,4,,Krishna
,5,,Arakonam
,4,,Koraput
,4,,Kollam District
,4,,Kannur
,1,,Navi Mumbai
,4,,Nandurbar
,3,,Kolkata
,5,,Kolkata
,4,,Cheepurupalli
,5,,Jagatsinghapur District
,4,,Warora
,4,,Mayurbhanj District
,4,,Urmar Tanda
,4,,Unnao District
,5,,Haridwar
,5,,New Delhi
,4,,Kollam District
,3,,Bengaluru
,1,,Ahmadnagar District
,3,,Adra
,5,,Paithan Midc
,3,,Banda
,5,,Gondiya District
,5,,Prakasam District
,5,,Haora District
,5,,Jaunpur District
,5,,Nivi
,4,,Tiruppur District
,5,,Bargarh
,5,,Azamgarh
,5,,Morbi
,5,,Sasaram
,5,,Ajmer
,5,,Haora District
,4,,Faridabad
,5,,Vadodara
,5,,Naugachhia
,5,,Sri Potti Sriramulu Nellore District
,5,,Khamgaon
,4,,Krishna
,5,,Arakonam
,4,,Koraput
,4,,Kollam District
,5,,Saiyad Raja
,4,,Palamu
,5,,Haldwani
,5,,Talcher
,5,,Jammu
,5,,Vikramgad
,5,,Muzaffarpur
,5,,Kozhikode District
,5,,Koraput
,4,,Silchar
,5,,Coimbatore
,4,,Murud Janjira
,4,,Shahapur Thane District
,5,,Gudiyatham
,4,,Arambag
,4,,Kasaragod District
,4,,Tanuku
,5,,Pune District
,1,,Kasganj
,4,,Gurugram
,4,,Unnao District
,5,,Haridwar
,5,,New Delhi
,4,,Kollam District
,3,,Bengaluru
,1,,Ahmadnagar District
,3,,Adra
,5,,Paithan Midc
,3,,Banda
,5,,Gondiya District
,4,,Kannur
,1,,Navi Mumbai
,4,,Nandurbar
,3,,Kolkata
,5,,Kolkata
,4,,Cheepurupalli
,5,,Jagatsinghapur District
,4,,Warora
,4,,Mayurbhanj District
,4,,Urmar Tanda
,5,,Prakasam District
,5,,Haora District
,5,,Jaunpur District
,5,,Nivi
,4,,Tiruppur District
,5,,Bargarh
,5,,Azamgarh
,5,,Morbi
,5,,Sasaram
,5,,Ajmer
,5,,Haora District
,4,,Faridabad
,5,,Vadodara
,5,,Naugachhia
,5,,Sri Potti Sriramulu Nellore District
,5,,Khamgaon
,4,,Krishna
,5,,Arakonam
,4,,Koraput
,4,,Kollam District
,5,,Srikakulam District
,5,,Anugul
,5,,Baruni
,1,,Thrissur
,3,,Nandyal
,4,,Mangaluru
,5,,Daringbadi
,1,,Thiruvananthapuram
,1,,Basirhat
,5,,Lucknow
,5,,Udaipura
,1,,Jaipur
,4,,Ahwa
,1,,Chennai
,4,,Hosadurga
,1,,Kolkata
,5,,Lucknow
,3,,West Karbi Anglong District
,1,,New Delhi
,5,,Agra
,5,,New Town
,1,,North East District
,5,,Rampura
,1,,Samalkot
,5,,Solapur
,1,,Jagadanandapur
,4,,Rudrapur
,5,,Dalgaon
,1,,Cuddalore District
,4,,Indore
,5,,Prakasam District
,5,,Haora District
,5,,Jaunpur District
,5,,Nivi
,4,,Tiruppur District
,5,,Bargarh
,5,,Azamgarh
,5,,Morbi
,5,,Sasaram
,5,,Ajmer
,5,,Saiyad Raja
,5,,Mangalore
,5,,Rangia
,5,,Jalpaiguri
,4,,Howrah
,5,,East Godavari District
,3,,Muzaffarnagar District
,5,,Deoria District
,4,,Koothappar
,4,,Pratapgarh
,5,,Cuttack
,5,,Kolkata
,5,,Anantapur District
,5,,Guntur
,1,,Chennai
,4,,Palakkad District
,5,,Bhiwani District
,5,,Kolkata
,5,,Bolpur
,5,,Bengaluru
,5,,Saiyad Raja
,4,,Coimbatore District
,5,,Rangia
,5,,Jalpaiguri
,4,,Howrah
,5,,East Godavari District
,3,,Muzaffarnagar District
,5,,Deoria District
,4,,Koothappar
,4,,Pratapgarh
,5,,Cuttack
,1,,Andipalayam
,1,,Kangra
,2,,Tirunelveli District
,2,,Haldia
,3,,Indore
,5,,Salem District
,3,,Periyakulam
,3,,Chennai
,4,,Chas
,2,,Nautanwa
,5,,Bhiwadi
,1,,Khirkiya
,5,,Jawar
,5,,Krishnagiri
,5,,Agra
,5,,Bagalkot
,4,,Liluah
,4,,New Delhi
,5,,New Delhi
,5,,Jansath
,5,,Visakhapatnam
,4,,Solapur
,4,,Paschim Bardhaman District
,1,,New Delhi
,5,,Rawatsar
,3,,Bidar District
,5,,Pallipalayam
,5,,Uttarpara Kotrung
,4,,Mumbai
,4,,Kannur
,1,,Navi Mumbai
,4,,Nandurbar
,3,,Kolkata
,5,,Kolkata
,4,,Cheepurupalli
,5,,Jagatsinghapur District
,4,,Warora
,4,,Mayurbhanj District
,4,,Urmar Tanda
,5,,Ariyalur District
,5,,Ujhani
,5,,Kondagaon
,5,,Buguda
,2,,Shamli
,5,,Tinsukia District
,4,,Balangir District
,5,,Rae Bareli District
,5,,Kalahandi District
,4,,Tusura
,4,,Bengaluru
,5,,Yadgir District
,5,,Visakhapatnam District
,4,,New Delhi
,5,,Panna District
,5,,Mangaldoi
,5,,Motihari
,5,,Morigaon District
,5,,Tijara
,1,,Delhi
,5,,Chomu
,3,,Santipur
,3,,Aligarh
,1,,Bengaluru
,5,,Nizamabad
,5,,Ghazipur
,5,,Chandigarh
,3,,New Delhi
,5,,Mumbai
,1,,Ranchi
,4,,Coimbatore District
,1,,Andipalayam
,1,,Kangra
,2,,Tirunelveli District
,2,,Haldia
,3,,Indore
,5,,Salem District
,3,,Periyakulam
,3,,Chennai
,4,,Chas
,4,,Bengaluru
,5,,Visakhapatnam District
,4,,New Delhi
,5,,Panna District
,5,,Mangaldoi
,5,,Motihari
,5,,Morigaon District
,5,,Tijara
,1,,Delhi
,5,,Chomu
,5,,Bengaluru
,4,,Gopalganj District
,5,,Matla
,5,,Raebareli
,5,,Cuttack
,4,,Dugda
,4,,Mahrajganj District
,5,,Deesa
,5,,Malappuram District
,4,,Bengaluru
,4,,Faridabad
,1,,New Delhi
,2,,South West Delhi
,5,,New Delhi
,1,,Mumbai
,1,,Mandya
,1,,Mumbai
,1,,Rayachoti
,2,,Varanasi
,1,,Ahmedabad
,4,,Coimbatore District
,1,,Andipalayam
,1,,Kangra
,2,,Tirunelveli District
,2,,Haldia
,3,,Indore
,5,,Salem District
,3,,Periyakulam
,3,,Chennai
,4,,Chas
,4,,Chennai
,4,,Margao
,5,,Holalkere
,5,,Bongaon
,5,,Vazhayur
,5,,Nellore
,5,,Hyderabad
,5,,Chandigarh
,5,,Kolkata
,5,,Faridabad
,5,,New Town
,1,,North East District
,5,,Rampura
,1,,Samalkot
,5,,Solapur
,1,,Jagadanandapur
,4,,Rudrapur
,5,,Dalgaon
,1,,Cuddalore District
,4,,Indore
,4,,Bhadrak
,4,,Asansol
,5,,Aurangabad
,3,,Malda
,5,,Nazira
,3,,Hyderabad
,5,,Visakhapatnam
,5,,Bokaro Steel City
,5,,Allahabad District
,5,,Gandhidham
,5,,Nagaur District
,4,,Khamgaon
,1,,Mahabub Nagar
,1,,Arrah
,2,,New Delhi
,5,,Chanchal
,1,,Purba Bardhaman District
,1,,Deoria
,1,,New Town
,1,,Rajkot
,4,,Bhadrak
,4,,Asansol
,5,,Aurangabad
,3,,Malda
,5,,Nazira
,3,,Hyderabad
,5,,Visakhapatnam
,5,,Bokaro Steel City
,5,,Allahabad District
,5,,Gandhidham
,3,,Faridabad
,5,,Kandhamal District
,4,,Hapur
,5,,Jalaun District
,5,,Nagpur
,4,,Guwahati
,2,,Meerut
,3,,Saran District
,1,,Ghaziabad
,5,,Banka District
